i,List1,List2,List2Check
0,127,0,0
1,128,127,127
2,130,255,255
3,127,385,385
4,128,512,512
5,129,640,640
6,127,769,769
7,129,896,896
8,128,1025,1025
9,126,1153,1153
10,130,1279,1279
11,128,1409,1409
12,127,1537,1537
13,130,1664,1664
14,127,1794,1794
15,127,1921,1921
16,130,2048,2048
17,127,2178,2178
18,128,2305,2305
19,130,2433,2433
20,127,2563,2563
21,127,2690,2690
22,130,2817,2817
23,127,2947,2947
24,128,3074,3074
25,128,3202,3202
26,127,3330,3330
27,129,3457,3457
28,128,3586,3586
29,127,3714,3714
30,130,3841,3841
31,128,3971,3971
32,126,4099,4099
33,130,4225,4225
34,128,4355,4355
35,127,4483,4483
36,130,4610,4610
37,127,4740,4740
38,127,4867,4867
39,130,4994,4994
40,127,5124,5124
41,128,5251,5251
42,129,5379,5379
43,127,5508,5508
44,128,5635,5635
45,129,5763,5763
46,127,5892,5892
47,129,6019,6019
48,128,6148,6148
49,126,6276,6276
50,130,6402,6402
51,128,6532,6532
52,126,6660,6660
53,129,6786,6786
54,128,6915,6915
55,126,7043,7043
56,130,7169,7169
57,128,7299,7299
58,126,7427,7427
59,130,7553,7553
60,127,7683,7683
61,127,7810,7810
62,130,7937,7937
63,127,8067,8067
64,128,8194,8194
65,128,8322,8322
66,127,8450,8450
67,129,8577,8577
68,128,8706,8706
69,126,8834,8834
70,129,8960,8960
71,128,9089,9089
72,126,9217,9217
73,130,9343,9343
74,129,9473,9473
75,126,9602,9602
76,129,9728,9728
77,128,9857,9857
78,127,9985,9985
79,129,10112,10112
80,128,10241,10241
81,127,10369,10369
82,129,10496,10496
83,127,10625,10625
84,128,10752,10752
85,129,10880,10880
86,126,11009,11009
87,129,11135,11135
88,129,11264,11264
89,126,11393,11393
90,130,11519,11519
91,129,11649,11649
92,126,11778,11778
93,129,11904,11904
94,129,12033,12033
95,126,12162,12162
96,129,12288,12288
97,128,12417,12417
98,127,12545,12545
99,129,12672,12672
100,128,12801,12801
101,128,12929,12929
102,129,13057,13057
103,127,13186,13186
104,128,13313,13313
105,129,13441,13441
106,127,13570,13570
107,129,13697,13697
108,130,13826,13826
109,125,13956,13956
110,129,14081,14081
111,130,14210,14210
112,125,14340,14340
113,129,14465,14465
114,129,14594,14594
115,126,14723,14723
116,129,14849,14849
117,129,14978,14978
118,128,15107,15107
119,129,15235,15235
120,127,15364,15364
121,128,15491,15491
122,129,15619,15619
123,127,15748,15748
124,128,15875,15875
125,130,16003,16003
126,126,16133,16133
127,128,16259,16259
128,130,16387,16387
129,126,16517,16517
130,127,16643,16643
131,130,16770,16770
132,126,16900,16900
133,128,17026,17026
134,130,17154,17154
135,127,17284,17284
136,128,17411,17411
137,128,17539,17539
138,127,17667,17667
139,129,17794,17794
140,127,17923,17923
141,127,18050,18050
142,130,18177,18177
143,126,18307,18307
144,128,18433,18433
145,130,18561,18561
146,127,18691,18691
147,127,18818,18818
148,130,18945,18945
149,126,19075,19075
150,128,19201,19201
151,130,19329,19329
152,127,19459,19459
153,127,19586,19586
154,129,19713,19713
155,127,19842,19842
156,128,19969,19969
157,128,20097,20097
158,127,20225,20225
159,129,20352,20352
160,127,20481,20481
161,127,20608,20608
162,131,20735,20735
163,127,20866,20866
164,126,20993,20993
165,131,21119,21119
166,126,21250,21250
167,127,21376,21376
168,130,21503,21503
169,127,21633,21633
170,127,21760,21760
171,129,21887,21887
172,127,22016,22016
173,128,22143,22143
174,129,22271,22271
175,127,22400,22400
176,128,22527,22527
177,129,22655,22655
178,127,22784,22784
179,130,22911,22911
180,128,23041,23041
181,126,23169,23169
182,130,23295,23295
183,128,23425,23425
184,126,23553,23553
185,130,23679,23679
186,128,23809,23809
187,126,23937,23937
188,130,24063,24063
189,128,24193,24193
190,128,24321,24321
191,129,24449,24449
192,127,24578,24578
193,128,24705,24705
194,129,24833,24833
195,127,24962,24962
196,129,25089,25089
197,128,25218,25218
198,127,25346,25346
199,129,25473,25473
200,128,25602,25602
201,126,25730,25730
202,130,25856,25856
203,128,25986,25986
204,126,26114,26114
205,130,26240,26240
206,129,26370,26370
207,127,26499,26499
208,129,26626,26626
209,128,26755,26755
210,127,26883,26883
211,129,27010,27010
212,127,27139,27139
213,129,27266,27266
214,129,27395,27395
215,126,27524,27524
216,129,27650,27650
217,129,27779,27779
218,126,27908,27908
219,129,28034,28034
220,128,28163,28163
221,126,28291,28291
222,130,28417,28417
223,129,28547,28547
224,126,28676,28676
225,129,28802,28802
226,128,28931,28931
227,126,29059,29059
228,129,29185,29185
229,128,29314,29314
230,127,29442,29442
231,129,29569,29569
232,127,29698,29698
233,128,29825,29825
234,130,29953,29953
235,126,30083,30083
236,128,30209,30209
237,129,30337,30337
238,126,30466,30466
239,129,30592,30592
240,129,30721,30721
241,126,30850,30850
242,129,30976,30976
243,128,31105,31105
244,126,31233,31233
245,129,31359,31359
246,129,31488,31488
247,126,31617,31617
248,129,31743,31743
249,128,31872,31872
250,128,32000,32000
251,129,32128,32128
252,127,32257,32257
253,128,32384,32384
254,129,32512,32512
255,126,32641,32641
256,128,32767,32767
257,130,32895,32895
258,126,33025,33025
259,128,33151,33151
260,130,33279,33279
261,126,33409,33409
262,129,33535,33535
263,129,33664,33664
264,126,33793,33793
265,129,33919,33919
266,129,34048,34048
267,127,34177,34177
268,129,34304,34304
269,128,34433,34433
270,127,34561,34561
271,129,34688,34688
272,127,34817,34817
273,128,34944,34944
274,130,35072,35072
275,126,35202,35202
276,128,35328,35328
277,130,35456,35456
278,127,35586,35586
279,128,35713,35713
280,130,35841,35841
281,126,35971,35971
282,128,36097,36097
283,130,36225,36225
284,126,36355,36355
285,129,36481,36481
286,129,36610,36610
287,126,36739,36739
288,129,36865,36865
289,128,36994,36994
290,128,37122,37122
291,129,37250,37250
292,127,37379,37379
293,128,37506,37506
294,130,37634,37634
295,127,37764,37764
296,128,37891,37891
297,130,38019,38019
298,126,38149,38149
299,127,38275,38275
300,130,38402,38402
301,127,38532,38532
302,128,38659,38659
303,129,38787,38787
304,127,38916,38916
305,128,39043,39043
306,129,39171,39171
307,127,39300,39300
308,128,39427,39427
309,128,39555,39555
310,127,39683,39683
311,130,39810,39810
312,127,39940,39940
313,127,40067,40067
314,130,40194,40194
315,126,40324,40324
316,127,40450,40450
317,130,40577,40577
318,127,40707,40707
319,127,40834,40834
320,130,40961,40961
321,127,41091,41091
322,128,41218,41218
323,129,41346,41346
324,127,41475,41475
325,128,41602,41602
326,128,41730,41730
327,127,41858,41858
328,129,41985,41985
329,128,42114,42114
330,127,42242,42242
331,129,42369,42369
332,127,42498,42498
333,126,42625,42625
334,131,42751,42751
335,127,42882,42882
336,126,43009,43009
337,131,43135,43135
338,127,43266,43266
339,127,43393,43393
340,130,43520,43520
341,127,43650,43650
342,127,43777,43777
343,128,43904,43904
344,127,44032,44032
345,129,44159,44159
346,128,44288,44288
347,127,44416,44416
348,129,44543,44543
349,129,44672,44672
350,126,44801,44801
351,130,44927,44927
352,128,45057,45057
353,126,45185,45185
354,130,45311,45311
355,129,45441,45441
356,126,45570,45570
357,130,45696,45696
358,128,45826,45826
359,126,45954,45954
360,129,46080,46080
361,128,46209,46209
362,128,46337,46337
363,129,46465,46465
364,127,46594,46594
365,129,46721,46721
366,129,46850,46850
367,126,46979,46979
368,130,47105,47105
369,128,47235,47235
370,126,47363,47363
371,129,47489,47489
372,129,47618,47618
373,126,47747,47747
374,130,47873,47873
375,128,48003,48003
376,126,48131,48131
377,129,48257,48257
378,129,48386,48386
379,127,48515,48515
380,129,48642,48642
381,128,48771,48771
382,128,48899,48899
383,129,49027,49027
384,127,49156,49156
385,129,49283,49283
386,129,49412,49412
387,125,49541,49541
388,129,49666,49666
389,130,49795,49795
390,125,49925,49925
391,129,50050,50050
392,129,50179,50179
393,126,50308,50308
394,129,50434,50434
395,129,50563,50563
396,126,50692,50692
397,129,50818,50818
398,128,50947,50947
399,127,51075,51075
400,129,51202,51202
401,128,51331,51331
402,127,51459,51459
403,129,51586,51586
404,126,51715,51715
405,128,51841,51841
406,130,51969,51969
407,126,52099,52099
408,128,52225,52225
409,130,52353,52353
410,126,52483,52483
411,128,52609,52609
412,130,52737,52737
413,126,52867,52867
414,128,52993,52993
415,128,53121,53121
416,127,53249,53249
417,129,53376,53376
418,128,53505,53505
419,127,53633,53633
420,129,53760,53760
421,127,53889,53889
422,128,54016,54016
423,129,54144,54144
424,127,54273,54273
425,128,54400,54400
426,130,54528,54528
427,126,54658,54658
428,128,54784,54784
429,130,54912,54912
430,126,55042,55042
431,127,55168,55168
432,129,55295,55295
433,127,55424,55424
434,128,55551,55551
435,129,55679,55679
436,127,55808,55808
437,129,55935,55935
438,128,56064,56064
439,127,56192,56192
440,130,56319,56319
441,127,56449,56449
442,127,56576,56576
443,130,56703,56703
444,127,56833,56833
445,128,56960,56960
446,130,57088,57088
447,126,57218,57218
448,127,57344,57344
449,130,57471,57471
450,127,57601,57601
451,128,57728,57728
452,130,57856,57856
453,127,57986,57986
454,128,58113,58113
455,129,58241,58241
456,127,58370,58370
457,129,58497,58497
458,128,58626,58626
459,126,58754,58754
460,130,58880,58880
461,128,59010,59010
462,127,59138,59138
463,130,59265,59265
464,127,59395,59395
465,127,59522,59522
466,130,59649,59649
467,127,59779,59779
468,128,59906,59906
469,130,60034,60034
470,127,60164,60164
471,127,60291,60291
472,130,60418,60418
473,127,60548,60548
474,128,60675,60675
475,128,60803,60803
476,127,60931,60931
477,129,61058,61058
478,128,61187,61187
479,127,61315,61315
480,129,61442,61442
481,128,61571,61571
482,126,61699,61699
483,130,61825,61825
484,128,61955,61955
485,126,62083,62083
486,130,62209,62209
487,127,62339,62339
488,127,62466,62466
489,130,62593,62593
490,127,62723,62723
491,127,62850,62850
492,129,62977,62977
493,127,63106,63106
494,128,63233,63233
495,129,63361,63361
496,127,63490,63490
497,129,63617,63617
498,128,63746,63746
499,126,63874,63874
500,130,64000,64000
501,128,64130,64130
502,126,64258,64258
503,129,64384,64384
504,128,64513,64513
505,126,64641,64641
506,130,64767,64767
507,128,64897,64897
508,126,65025,65025
509,130,65151,65151
510,127,65281,65281
511,127,65408,65408
512,130,65535,65535
513,127,65665,65665
514,128,65792,65792
515,128,65920,65920
516,127,66048,66048
517,129,66175,66175
518,128,66304,66304
519,126,66432,66432
520,129,66558,66558
521,129,66687,66687
522,126,66816,66816
523,130,66942,66942
524,129,67072,67072
525,126,67201,67201
526,129,67327,67327
527,129,67456,67456
528,127,67585,67585
529,129,67712,67712
530,128,67841,67841
531,127,67969,67969
532,129,68096,68096
533,128,68225,68225
534,128,68353,68353
535,129,68481,68481
536,126,68610,68610
537,129,68736,68736
538,129,68865,68865
539,126,68994,68994
540,130,69120,69120
541,129,69250,69250
542,126,69379,69379
543,129,69505,69505
544,129,69634,69634
545,126,69763,69763
546,129,69889,69889
547,128,70018,70018
548,127,70146,70146
549,129,70273,70273
550,128,70402,70402
551,128,70530,70530
552,129,70658,70658
553,127,70787,70787
554,128,70914,70914
555,129,71042,71042
556,127,71171,71171
557,129,71298,71298
558,130,71427,71427
559,125,71557,71557
560,129,71682,71682
561,130,71811,71811
562,125,71941,71941
563,129,72066,72066
564,129,72195,72195
565,126,72324,72324
566,129,72450,72450
567,129,72579,72579
568,127,72708,72708
569,129,72835,72835
570,127,72964,72964
571,128,73091,73091
572,129,73219,73219
573,127,73348,73348
574,127,73475,73475
575,130,73602,73602
576,126,73732,73732
577,128,73858,73858
578,130,73986,73986
579,126,74116,74116
580,127,74242,74242
581,130,74369,74369
582,126,74499,74499
583,128,74625,74625
584,130,74753,74753
585,127,74883,74883
586,128,75010,75010
587,128,75138,75138
588,127,75266,75266
589,129,75393,75393
590,127,75522,75522
591,127,75649,75649
592,130,75776,75776
593,126,75906,75906
594,128,76032,76032
595,130,76160,76160
596,127,76290,76290
597,127,76417,76417
598,130,76544,76544
599,126,76674,76674
600,128,76800,76800
601,130,76928,76928
602,127,77058,77058
603,127,77185,77185
604,129,77312,77312
605,127,77441,77441
606,128,77568,77568
607,128,77696,77696
608,127,77824,77824
609,129,77951,77951
610,128,78080,78080
611,127,78208,78208
612,131,78335,78335
613,127,78466,78466
614,126,78593,78593
615,131,78719,78719
616,127,78850,78850
617,127,78977,78977
618,130,79104,79104
619,127,79234,79234
620,127,79361,79361
621,130,79488,79488
622,127,79618,79618
623,128,79745,79745
624,129,79873,79873
625,127,80002,80002
626,128,80129,80129
627,129,80257,80257
628,127,80386,80386
629,130,80513,80513
630,128,80643,80643
631,126,80771,80771
632,130,80897,80897
633,128,81027,81027
634,126,81155,81155
635,130,81281,81281
636,128,81411,81411
637,126,81539,81539
638,130,81665,81665
639,128,81795,81795
640,128,81923,81923
641,129,82051,82051
642,127,82180,82180
643,128,82307,82307
644,129,82435,82435
645,127,82564,82564
646,129,82691,82691
647,128,82820,82820
648,127,82948,82948
649,129,83075,83075
650,128,83204,83204
651,126,83332,83332
652,129,83458,83458
653,128,83587,83587
654,126,83715,83715
655,130,83841,83841
656,129,83971,83971
657,126,84100,84100
658,129,84226,84226
659,128,84355,84355
660,127,84483,84483
661,129,84610,84610
662,127,84739,84739
663,128,84866,84866
664,129,84994,84994
665,126,85123,85123
666,129,85249,85249
667,129,85378,85378
668,126,85507,85507
669,129,85633,85633
670,128,85762,85762
671,126,85890,85890
672,130,86016,86016
673,129,86146,86146
674,126,86275,86275
675,129,86401,86401
676,128,86530,86530
677,126,86658,86658
678,129,86784,86784
679,128,86913,86913
680,127,87041,87041
681,129,87168,87168
682,127,87297,87297
683,128,87424,87424
684,130,87552,87552
685,126,87682,87682
686,128,87808,87808
687,129,87936,87936
688,126,88065,88065
689,129,88191,88191
690,129,88320,88320
691,126,88449,88449
692,129,88575,88575
693,129,88704,88704
694,126,88833,88833
695,129,88959,88959
696,129,89088,89088
697,126,89217,89217
698,129,89343,89343
699,129,89472,89472
700,128,89601,89601
701,129,89729,89729
702,127,89858,89858
703,128,89985,89985
704,129,90113,90113
705,127,90242,90242
706,128,90369,90369
707,130,90497,90497
708,126,90627,90627
709,128,90753,90753
710,130,90881,90881
711,126,91011,91011
712,129,91137,91137
713,129,91266,91266
714,126,91395,91395
715,129,91521,91521
716,129,91650,91650
717,127,91779,91779
718,129,91906,91906
719,128,92035,92035
720,127,92163,92163
721,129,92290,92290
722,127,92419,92419
723,128,92546,92546
724,130,92674,92674
725,126,92804,92804
726,128,92930,92930
727,130,93058,93058
728,127,93188,93188
729,128,93315,93315
730,130,93443,93443
731,126,93573,93573
732,128,93699,93699
733,130,93827,93827
734,126,93957,93957
735,129,94083,94083
736,129,94212,94212
737,126,94341,94341
738,129,94467,94467
739,128,94596,94596
740,127,94724,94724
741,129,94851,94851
742,127,94980,94980
743,128,95107,95107
744,130,95235,95235
745,127,95365,95365
746,127,95492,95492
747,130,95619,95619
748,126,95749,95749
749,127,95875,95875
750,130,96002,96002
751,127,96132,96132
752,127,96259,96259
753,129,96386,96386
754,127,96515,96515
755,128,96642,96642
756,129,96770,96770
757,127,96899,96899
758,128,97026,97026
759,128,97154,97154
760,127,97282,97282
761,130,97409,97409
762,127,97539,97539
763,127,97666,97666
764,130,97793,97793
765,126,97923,97923
766,127,98049,98049
767,130,98176,98176
768,127,98306,98306
769,127,98433,98433
770,130,98560,98560
771,127,98690,98690
772,128,98817,98817
773,129,98945,98945
774,127,99074,99074
775,128,99201,99201
776,128,99329,99329
777,127,99457,99457
778,129,99584,99584
779,128,99713,99713
780,127,99841,99841
781,129,99968,99968
782,128,100097,100097
783,126,100225,100225
784,131,100351,100351
785,127,100482,100482
786,126,100609,100609
787,131,100735,100735
788,128,100866,100866
789,127,100994,100994
790,130,101121,101121
791,127,101251,101251
792,127,101378,101378
793,129,101505,101505
794,127,101634,101634
795,129,101761,101761
796,128,101890,101890
797,127,102018,102018
798,129,102145,102145
799,129,102274,102274
800,126,102403,102403
801,130,102529,102529
802,128,102659,102659
803,126,102787,102787
804,130,102913,102913
805,129,103043,103043
806,126,103172,103172
807,130,103298,103298
808,128,103428,103428
809,126,103556,103556
810,129,103682,103682
811,128,103811,103811
812,128,103939,103939
813,129,104067,104067
814,127,104196,104196
815,129,104323,104323
816,129,104452,104452
817,126,104581,104581
818,130,104707,104707
819,128,104837,104837
820,126,104965,104965
821,129,105091,105091
822,129,105220,105220
823,126,105349,105349
824,129,105475,105475
825,128,105604,105604
826,126,105732,105732
827,129,105858,105858
828,129,105987,105987
829,126,106116,106116
830,129,106242,106242
831,128,106371,106371
832,128,106499,106499
833,129,106627,106627
834,127,106756,106756
835,128,106883,106883
836,129,107011,107011
837,125,107140,107140
838,129,107265,107265
839,130,107394,107394
840,125,107524,107524
841,129,107649,107649
842,129,107778,107778
843,126,107907,107907
844,129,108033,108033
845,129,108162,108162
846,126,108291,108291
847,129,108417,108417
848,128,108546,108546
849,127,108674,108674
850,129,108801,108801
851,128,108930,108930
852,127,109058,109058
853,129,109185,109185
854,126,109314,109314
855,128,109440,109440
856,130,109568,109568
857,126,109698,109698
858,128,109824,109824
859,130,109952,109952
860,126,110082,110082
861,128,110208,110208
862,130,110336,110336
863,126,110466,110466
864,128,110592,110592
865,128,110720,110720
866,127,110848,110848
867,129,110975,110975
868,128,111104,111104
869,127,111232,111232
870,129,111359,111359
871,128,111488,111488
872,128,111616,111616
873,129,111744,111744
874,127,111873,111873
875,128,112000,112000
876,130,112128,112128
877,127,112258,112258
878,128,112385,112385
879,130,112513,112513
880,126,112643,112643
881,127,112769,112769
882,130,112896,112896
883,127,113026,113026
884,128,113153,113153
885,129,113281,113281
886,127,113410,113410
887,129,113537,113537
888,128,113666,113666
889,127,113794,113794
890,130,113921,113921
891,127,114051,114051
892,127,114178,114178
893,130,114305,114305
894,127,114435,114435
895,128,114562,114562
896,130,114690,114690
897,126,114820,114820
898,127,114946,114946
899,130,115073,115073
900,127,115203,115203
901,128,115330,115330
902,130,115458,115458
903,127,115588,115588
904,128,115715,115715
905,129,115843,115843
906,127,115972,115972
907,129,116099,116099
908,128,116228,116228
909,126,116356,116356
910,130,116482,116482
911,128,116612,116612
912,126,116740,116740
913,130,116866,116866
914,127,116996,116996
915,127,117123,117123
916,130,117250,117250
917,127,117380,117380
918,127,117507,117507
919,130,117634,117634
920,127,117764,117764
921,127,117891,117891
922,130,118018,118018
923,127,118148,118148
924,127,118275,118275
925,128,118402,118402
926,127,118530,118530
927,129,118657,118657
928,128,118786,118786
929,127,118914,118914
930,129,119041,119041
931,128,119170,119170
932,126,119298,119298
933,130,119424,119424
934,128,119554,119554
935,126,119682,119682
936,130,119808,119808
937,127,119938,119938
938,127,120065,120065
939,130,120192,120192
940,127,120322,120322
941,127,120449,120449
942,129,120576,120576
943,127,120705,120705
944,128,120832,120832
945,129,120960,120960
946,127,121089,121089
947,129,121216,121216
948,128,121345,121345
949,126,121473,121473
950,130,121599,121599
951,128,121729,121729
952,126,121857,121857
953,129,121983,121983
954,129,122112,122112
955,126,122241,122241
956,130,122367,122367
957,128,122497,122497
958,126,122625,122625
959,130,122751,122751
960,128,122881,122881
961,127,123009,123009
962,130,123136,123136
963,127,123266,123266
964,128,123393,123393
965,129,123521,123521
966,127,123650,123650
967,129,123777,123777
968,128,123906,123906
969,126,124034,124034
970,129,124160,124160
971,129,124289,124289
972,126,124418,124418
973,130,124544,124544
974,129,124674,124674
975,126,124803,124803
976,129,124929,124929
977,129,125058,125058
978,127,125187,125187
979,129,125314,125314
980,128,125443,125443
981,127,125571,125571
982,129,125698,125698
983,128,125827,125827
984,128,125955,125955
985,129,126083,126083
986,126,126212,126212
987,129,126338,126338
988,129,126467,126467
989,126,126596,126596
990,130,126722,126722
991,129,126852,126852
992,126,126981,126981
993,129,127107,127107
994,129,127236,127236
995,126,127365,127365
996,129,127491,127491
997,128,127620,127620
998,127,127748,127748
999,129,127875,127875
1000,128,128004,128004
1001,127,128132,128132
1002,129,128259,128259
1003,127,128388,128388
1004,128,128515,128515
1005,129,128643,128643
1006,127,128772,128772
1007,128,128899,128899
1008,130,129027,129027
1009,125,129157,129157
1010,129,129282,129282
1011,130,129411,129411
1012,125,129541,129541
1013,128,129666,129666
1014,129,129794,129794
1015,126,129923,129923
1016,129,130049,130049
1017,129,130178,130178
1018,127,130307,130307
1019,129,130434,130434
1020,127,130563,130563
1021,128,130690,130690
1022,129,130818,130818
1023,127,130947,130947
1024,127,131074,131074
1025,130,131201,131201
1026,126,131331,131331
1027,128,131457,131457
1028,130,131585,131585
1029,126,131715,131715
1030,127,131841,131841
1031,130,131968,131968
1032,126,132098,132098
1033,128,132224,132224
1034,130,132352,132352
1035,127,132482,132482
1036,128,132609,132609
1037,128,132737,132737
1038,127,132865,132865
1039,129,132992,132992
1040,127,133121,133121
1041,127,133248,133248
1042,130,133375,133375
1043,127,133505,133505
1044,128,133632,133632
1045,130,133760,133760
1046,127,133890,133890
1047,127,134017,134017
1048,130,134144,134144
1049,127,134274,134274
1050,128,134401,134401
1051,130,134529,134529
1052,127,134659,134659
1053,127,134786,134786
1054,130,134913,134913
1055,127,135043,135043
1056,128,135170,135170
1057,128,135298,135298
1058,127,135426,135426
1059,129,135553,135553
1060,128,135682,135682
1061,127,135810,135810
1062,131,135937,135937
1063,127,136068,136068
1064,126,136195,136195
1065,131,136321,136321
1066,127,136452,136452
1067,127,136579,136579
1068,130,136706,136706
1069,127,136836,136836
1070,127,136963,136963
1071,130,137090,137090
1072,127,137220,137220
1073,128,137347,137347
1074,129,137475,137475
1075,127,137604,137604
1076,128,137731,137731
1077,129,137859,137859
1078,127,137988,137988
1079,130,138115,138115
1080,128,138245,138245
1081,126,138373,138373
1082,130,138499,138499
1083,128,138629,138629
1084,125,138757,138757
1085,130,138882,138882
1086,128,139012,139012
1087,126,139140,139140
1088,130,139266,139266
1089,128,139396,139396
1090,127,139524,139524
1091,129,139651,139651
1092,127,139780,139780
1093,128,139907,139907
1094,129,140035,140035
1095,127,140164,140164
1096,128,140291,140291
1097,128,140419,140419
1098,127,140547,140547
1099,129,140674,140674
1100,128,140803,140803
1101,126,140931,140931
1102,129,141057,141057
1103,128,141186,141186
1104,126,141314,141314
1105,130,141440,141440
1106,129,141570,141570
1107,126,141699,141699
1108,129,141825,141825
1109,128,141954,141954
1110,127,142082,142082
1111,129,142209,142209
1112,127,142338,142338
1113,128,142465,142465
1114,129,142593,142593
1115,126,142722,142722
1116,129,142848,142848
1117,129,142977,142977
1118,126,143106,143106
1119,129,143232,143232
1120,128,143361,143361
1121,126,143489,143489
1122,130,143615,143615
1123,129,143745,143745
1124,126,143874,143874
1125,129,144000,144000
1126,128,144129,144129
1127,126,144257,144257
1128,129,144383,144383
1129,128,144512,144512
1130,127,144640,144640
1131,129,144767,144767
1132,128,144896,144896
1133,128,145024,145024
1134,130,145152,145152
1135,126,145282,145282
1136,128,145408,145408
1137,130,145536,145536
1138,126,145666,145666
1139,129,145792,145792
1140,129,145921,145921
1141,126,146050,146050
1142,129,146176,146176
1143,129,146305,146305
1144,126,146434,146434
1145,129,146560,146560
1146,129,146689,146689
1147,126,146818,146818
1148,129,146944,146944
1149,129,147073,147073
1150,128,147202,147202
1151,129,147330,147330
1152,127,147459,147459
1153,128,147586,147586
1154,129,147714,147714
1155,127,147843,147843
1156,128,147970,147970
1157,130,148098,148098
1158,126,148228,148228
1159,128,148354,148354
1160,130,148482,148482
1161,126,148612,148612
1162,129,148738,148738
1163,129,148867,148867
1164,126,148996,148996
1165,129,149122,149122
1166,129,149251,149251
1167,127,149380,149380
1168,129,149507,149507
1169,128,149636,149636
1170,127,149764,149764
1171,129,149891,149891
1172,127,150020,150020
1173,127,150147,150147
1174,130,150274,150274
1175,126,150404,150404
1176,128,150530,150530
1177,130,150658,150658
1178,127,150788,150788
1179,127,150915,150915
1180,130,151042,151042
1181,126,151172,151172
1182,128,151298,151298
1183,130,151426,151426
1184,126,151556,151556
1185,128,151682,151682
1186,129,151810,151810
1187,126,151939,151939
1188,129,152065,152065
1189,128,152194,152194
1190,127,152322,152322
1191,129,152449,152449
1192,127,152578,152578
1193,128,152705,152705
1194,130,152833,152833
1195,127,152963,152963
1196,127,153090,153090
1197,130,153217,153217
1198,126,153347,153347
1199,127,153473,153473
1200,130,153600,153600
1201,127,153730,153730
1202,127,153857,153857
1203,129,153984,153984
1204,127,154113,154113
1205,128,154240,154240
1206,129,154368,154368
1207,127,154497,154497
1208,128,154624,154624
1209,128,154752,154752
1210,127,154880,154880
1211,130,155007,155007
1212,127,155137,155137
1213,127,155264,155264
1214,130,155391,155391
1215,127,155521,155521
1216,127,155648,155648
1217,130,155775,155775
1218,127,155905,155905
1219,127,156032,156032
1220,130,156159,156159
1221,128,156289,156289
1222,128,156417,156417
1223,129,156545,156545
1224,127,156674,156674
1225,128,156801,156801
1226,129,156929,156929
1227,127,157058,157058
1228,129,157185,157185
1229,128,157314,157314
1230,127,157442,157442
1231,129,157569,157569
1232,128,157698,157698
1233,126,157826,157826
1234,131,157952,157952
1235,127,158083,158083
1236,126,158210,158210
1237,131,158336,158336
1238,128,158467,158467
1239,127,158595,158595
1240,130,158722,158722
1241,127,158852,158852
1242,127,158979,158979
1243,129,159106,159106
1244,127,159235,159235
1245,129,159362,159362
1246,128,159491,159491
1247,127,159619,159619
1248,129,159746,159746
1249,129,159875,159875
1250,126,160004,160004
1251,130,160130,160130
1252,128,160260,160260
1253,126,160388,160388
1254,130,160514,160514
1255,129,160644,160644
1256,126,160773,160773
1257,130,160899,160899
1258,128,161029,161029
1259,126,161157,161157
1260,129,161283,161283
1261,128,161412,161412
1262,127,161540,161540
1263,129,161667,161667
1264,127,161796,161796
1265,129,161923,161923
1266,129,162052,162052
1267,126,162181,162181
1268,129,162307,162307
1269,128,162436,162436
1270,126,162564,162564
1271,129,162690,162690
1272,129,162819,162819
1273,126,162948,162948
1274,129,163074,163074
1275,128,163203,163203
1276,126,163331,163331
1277,129,163457,163457
1278,129,163586,163586
1279,126,163715,163715
1280,129,163841,163841
1281,128,163970,163970
1282,128,164098,164098
1283,129,164226,164226
1284,127,164355,164355
1285,128,164482,164482
1286,129,164610,164610
1287,125,164739,164739
1288,129,164864,164864
1289,130,164993,164993
1290,125,165123,165123
1291,129,165248,165248
1292,129,165377,165377
1293,126,165506,165506
1294,129,165632,165632
1295,129,165761,165761
1296,126,165890,165890
1297,129,166016,166016
1298,128,166145,166145
1299,127,166273,166273
1300,129,166400,166400
1301,128,166529,166529
1302,127,166657,166657
1303,129,166784,166784
1304,127,166913,166913
1305,128,167040,167040
1306,130,167168,167168
1307,126,167298,167298
1308,128,167424,167424
1309,131,167552,167552
1310,126,167683,167683
1311,128,167809,167809
1312,130,167937,167937
1313,126,168067,168067
1314,128,168193,168193
1315,129,168321,168321
1316,127,168450,168450
1317,129,168577,168577
1318,128,168706,168706
1319,127,168834,168834
1320,129,168961,168961
1321,128,169090,169090
1322,128,169218,169218
1323,129,169346,169346
1324,127,169475,169475
1325,128,169602,169602
1326,130,169730,169730
1327,127,169860,169860
1328,128,169987,169987
1329,130,170115,170115
1330,126,170245,170245
1331,127,170371,170371
1332,130,170498,170498
1333,127,170628,170628
1334,128,170755,170755
1335,129,170883,170883
1336,127,171012,171012
1337,129,171139,171139
1338,128,171268,171268
1339,127,171396,171396
1340,130,171523,171523
1341,127,171653,171653
1342,127,171780,171780
1343,130,171907,171907
1344,127,172037,172037
1345,127,172164,172164
1346,130,172291,172291
1347,126,172421,172421
1348,141,172547,172547
1349,129,172688,172688
1350,128,172817,172817
1351,126,172945,172945
1352,129,173071,173071
1353,128,173200,173200
1354,127,173328,173328
1355,129,173455,173455
1356,127,173584,173584
1357,128,173711,173711
1358,130,173839,173839
1359,126,173969,173969
1360,128,174095,174095
1361,129,174223,174223
1362,126,174352,174352
1363,129,174478,174478
1364,129,174607,174607
1365,126,174736,174736
1366,129,174862,174862
1367,128,174991,174991
1368,126,175119,175119
1369,129,175245,175245
1370,129,175374,175374
1371,126,175503,175503
1372,129,175629,175629
1373,128,175758,175758
1374,128,175886,175886
1375,129,176014,176014
1376,127,176143,176143
1377,128,176270,176270
1378,129,176398,176398
1379,126,176527,176527
1380,128,176653,176653
1381,130,176781,176781
1382,126,176911,176911
1383,128,177037,177037
1384,129,177165,177165
1385,126,177294,177294
1386,129,177420,177420
1387,129,177549,177549
1388,126,177678,177678
1389,129,177804,177804
1390,128,177933,177933
1391,127,178061,178061
1392,129,178188,178188
1393,128,178317,178317
1394,127,178445,178445
1395,129,178572,178572
1396,127,178701,178701
1397,128,178828,178828
1398,130,178956,178956
1399,126,179086,179086
1400,128,179212,179212
1401,130,179340,179340
1402,127,179470,179470
1403,128,179597,179597
1404,130,179725,179725
1405,126,179855,179855
1406,128,179981,179981
1407,130,180109,180109
1408,126,180239,180239
1409,129,180365,180365
1410,129,180494,180494
1411,126,180623,180623
1412,129,180749,180749
1413,128,180878,180878
1414,128,181006,181006
1415,129,181134,181134
1416,127,181263,181263
1417,128,181390,181390
1418,130,181518,181518
1419,127,181648,181648
1420,128,181775,181775
1421,130,181903,181903
1422,126,182033,182033
1423,127,182159,182159
1424,130,182286,182286
1425,127,182416,182416
1426,128,182543,182543
1427,129,182671,182671
1428,127,182800,182800
1429,128,182927,182927
1430,129,183055,183055
1431,127,183184,183184
1432,129,183311,183311
1433,128,183440,183440
1434,127,183568,183568
1435,130,183695,183695
1436,127,183825,183825
1437,127,183952,183952
1438,130,184079,184079
1439,126,184209,184209
1440,127,184335,184335
1441,130,184462,184462
1442,127,184592,184592
1443,127,184719,184719
1444,130,184846,184846
1445,127,184976,184976
1446,128,185103,185103
1447,129,185231,185231
1448,127,185360,185360
1449,128,185487,185487
1450,128,185615,185615
1451,127,185743,185743
1452,129,185870,185870
1453,128,185999,185999
1454,127,186127,186127
1455,129,186254,186254
1456,127,186383,186383
1457,126,186510,186510
1458,131,186636,186636
1459,127,186767,186767
1460,126,186894,186894
1461,131,187020,187020
1462,127,187151,187151
1463,127,187278,187278
1464,130,187405,187405
1465,127,187535,187535
1466,127,187662,187662
1467,128,187789,187789
1468,127,187917,187917
1469,129,188044,188044
1470,128,188173,188173
1471,127,188301,188301
1472,129,188428,188428
1473,128,188557,188557
1474,126,188685,188685
1475,130,188811,188811
1476,128,188941,188941
1477,126,189069,189069
1478,130,189195,189195
1479,129,189325,189325
1480,126,189454,189454
1481,130,189580,189580
1482,128,189710,189710
1483,126,189838,189838
1484,129,189964,189964
1485,128,190093,190093
1486,128,190221,190221
1487,129,190349,190349
1488,127,190478,190478
1489,129,190605,190605
1490,129,190734,190734
1491,126,190863,190863
1492,130,190989,190989
1493,128,191119,191119
1494,126,191247,191247
1495,129,191373,191373
1496,129,191502,191502
1497,126,191631,191631
1498,130,191757,191757
1499,128,191887,191887
1500,126,192015,192015
1501,129,192141,192141
1502,129,192270,192270
1503,127,192399,192399
1504,129,192526,192526
1505,128,192655,192655
1506,128,192783,192783
1507,129,192911,192911
1508,127,193040,193040
1509,129,193167,193167
1510,129,193296,193296
1511,125,193425,193425
1512,129,193550,193550
1513,130,193679,193679
1514,125,193809,193809
1515,130,193934,193934
1516,129,194064,194064
1517,126,194193,194193
1518,129,194319,194319
1519,129,194448,194448
1520,127,194577,194577
1521,129,194704,194704
1522,128,194833,194833
1523,127,194961,194961
1524,129,195088,195088
1525,128,195217,195217
1526,127,195345,195345
1527,129,195472,195472
1528,126,195601,195601
1529,128,195727,195727
1530,130,195855,195855
1531,126,195985,195985
1532,128,196111,196111
1533,130,196239,196239
1534,126,196369,196369
1535,128,196495,196495
1536,130,196623,196623
1537,126,196753,196753
1538,128,196879,196879
1539,128,197007,197007
1540,127,197135,197135
1541,129,197262,197262
1542,128,197391,197391
1543,127,197519,197519
1544,129,197646,197646
1545,127,197775,197775
1546,128,197902,197902
1547,129,198030,198030
1548,127,198159,198159
1549,128,198286,198286
1550,130,198414,198414
1551,126,198544,198544
1552,128,198670,198670
1553,130,198798,198798
1554,126,198928,198928
1555,127,199054,199054
1556,129,199181,199181
1557,127,199310,199310
1558,128,199437,199437
1559,129,199565,199565
1560,127,199694,199694
1561,129,199821,199821
1562,127,199950,199950
1563,127,200077,200077
1564,130,200204,200204
1565,127,200334,200334
1566,127,200461,200461
1567,130,200588,200588
1568,127,200718,200718
1569,128,200845,200845
1570,130,200973,200973
1571,126,201103,201103
1572,127,201229,201229
1573,130,201356,201356
1574,127,201486,201486
1575,128,201613,201613
1576,130,201741,201741
1577,127,201871,201871
1578,128,201998,201998
1579,129,202126,202126
1580,127,202255,202255
1581,129,202382,202382
1582,128,202511,202511
1583,126,202639,202639
1584,130,202765,202765
1585,128,202895,202895
1586,127,203023,203023
1587,130,203150,203150
1588,127,203280,203280
1589,127,203407,203407
1590,130,203534,203534
1591,127,203664,203664
1592,128,203791,203791
1593,130,203919,203919
1594,127,204049,204049
1595,127,204176,204176
1596,130,204303,204303
1597,127,204433,204433
1598,128,204560,204560
1599,128,204688,204688
1600,127,204816,204816
1601,129,204943,204943
1602,128,205072,205072
1603,127,205200,205200
1604,130,205327,205327
1605,128,205457,205457
1606,126,205585,205585
1607,130,205711,205711
1608,128,205841,205841
1609,126,205969,205969
1610,130,206095,206095
1611,127,206225,206225
1612,127,206352,206352
1613,130,206479,206479
1614,127,206609,206609
1615,127,206736,206736
1616,129,206863,206863
1617,127,206992,206992
1618,128,207119,207119
1619,129,207247,207247
1620,127,207376,207376
1621,129,207503,207503
1622,128,207632,207632
1623,126,207760,207760
1624,130,207886,207886
1625,128,208016,208016
1626,126,208144,208144
1627,129,208270,208270
1628,128,208399,208399
1629,126,208527,208527
1630,130,208653,208653
1631,128,208783,208783
1632,126,208911,208911
1633,130,209037,209037
1634,127,209167,209167
1635,127,209294,209294
1636,130,209421,209421
1637,127,209551,209551
1638,128,209678,209678
1639,128,209806,209806
1640,127,209934,209934
1641,129,210061,210061
1642,128,210190,210190
1643,126,210318,210318
1644,129,210444,210444
1645,128,210573,210573
1646,126,210701,210701
1647,130,210827,210827
1648,129,210957,210957
1649,126,211086,211086
1650,129,211212,211212
1651,128,211341,211341
1652,127,211469,211469
1653,129,211596,211596
1654,128,211725,211725
1655,127,211853,211853
1656,129,211980,211980
1657,128,212109,212109
1658,128,212237,212237
1659,129,212365,212365
1660,126,212494,212494
1661,129,212620,212620
1662,129,212749,212749
1663,126,212878,212878
1664,130,213004,213004
1665,129,213134,213134
1666,126,213263,213263
1667,129,213389,213389
1668,129,213518,213518
1669,126,213647,213647
1670,129,213773,213773
1671,128,213902,213902
1672,127,214030,214030
1673,129,214157,214157
1674,128,214286,214286
1675,128,214414,214414
1676,129,214542,214542
1677,127,214671,214671
1678,128,214798,214798
1679,129,214926,214926
1680,127,215055,215055
1681,129,215182,215182
1682,130,215311,215311
1683,125,215441,215441
1684,129,215566,215566
1685,130,215695,215695
1686,125,215825,215825
1687,129,215950,215950
1688,129,216079,216079
1689,126,216208,216208
1690,129,216334,216334
1691,129,216463,216463
1692,128,216592,216592
1693,129,216720,216720
1694,127,216849,216849
1695,128,216976,216976
1696,129,217104,217104
1697,127,217233,217233
1698,127,217360,217360
1699,130,217487,217487
1700,126,217617,217617
1701,128,217743,217743
1702,130,217871,217871
1703,126,218001,218001
1704,127,218127,218127
1705,130,218254,218254
1706,126,218384,218384
1707,128,218510,218510
1708,130,218638,218638
1709,127,218768,218768
1710,128,218895,218895
1711,128,219023,219023
1712,127,219151,219151
1713,129,219278,219278
1714,127,219407,219407
1715,127,219534,219534
1716,130,219661,219661
1717,126,219791,219791
1718,128,219917,219917
1719,130,220045,220045
1720,127,220175,220175
1721,127,220302,220302
1722,130,220429,220429
1723,126,220559,220559
1724,128,220685,220685
1725,130,220813,220813
1726,127,220943,220943
1727,127,221070,221070
1728,129,221197,221197
1729,127,221326,221326
1730,128,221453,221453
1731,128,221581,221581
1732,127,221709,221709
1733,129,221836,221836
1734,127,221965,221965
1735,127,222092,222092
1736,131,222219,222219
1737,127,222350,222350
1738,126,222477,222477
1739,131,222603,222603
1740,127,222734,222734
1741,127,222861,222861
1742,130,222988,222988
1743,127,223118,223118
1744,127,223245,223245
1745,130,223372,223372
1746,127,223502,223502
1747,128,223629,223629
1748,129,223757,223757
1749,127,223886,223886
1750,128,224013,224013
1751,129,224141,224141
1752,127,224270,224270
1753,130,224397,224397
1754,128,224527,224527
1755,126,224655,224655
1756,130,224781,224781
1757,128,224911,224911
1758,126,225039,225039
1759,130,225165,225165
1760,128,225295,225295
1761,126,225423,225423
1762,130,225549,225549
1763,128,225679,225679
1764,128,225807,225807
1765,129,225935,225935
1766,127,226064,226064
1767,128,226191,226191
1768,129,226319,226319
1769,127,226448,226448
1770,129,226575,226575
1771,128,226704,226704
1772,127,226832,226832
1773,129,226959,226959
1774,128,227088,227088
1775,126,227216,227216
1776,130,227342,227342
1777,128,227472,227472
1778,126,227600,227600
1779,130,227726,227726
1780,129,227856,227856
1781,127,227985,227985
1782,129,228112,228112
1783,128,228241,228241
1784,127,228369,228369
1785,129,228496,228496
1786,127,228625,228625
1787,128,228752,228752
1788,129,228880,228880
1789,126,229009,229009
1790,129,229135,229135
1791,129,229264,229264
1792,126,229393,229393
1793,129,229519,229519
1794,128,229648,229648
1795,126,229776,229776
1796,130,229902,229902
1797,129,230032,230032
1798,126,230161,230161
1799,129,230287,230287
1800,128,230416,230416
1801,126,230544,230544
1802,129,230670,230670
1803,128,230799,230799
1804,127,230927,230927
1805,129,231054,231054
1806,127,231183,231183
1807,128,231310,231310
1808,130,231438,231438
1809,126,231568,231568
1810,128,231694,231694
1811,129,231822,231822
1812,126,231951,231951
1813,129,232077,232077
1814,129,232206,232206
1815,126,232335,232335
1816,129,232461,232461
1817,128,232590,232590
1818,126,232718,232718
1819,129,232844,232844
1820,129,232973,232973
1821,126,233102,233102
1822,129,233228,233228
1823,128,233357,233357
1824,128,233485,233485
1825,129,233613,233613
1826,127,233742,233742
1827,128,233869,233869
1828,129,233997,233997
1829,127,234126,234126
1830,128,234253,234253
1831,130,234381,234381
1832,126,234511,234511
1833,128,234637,234637
1834,130,234765,234765
1835,126,234895,234895
1836,129,235021,235021
1837,129,235150,235150
1838,126,235279,235279
1839,129,235405,235405
1840,129,235534,235534
1841,127,235663,235663
1842,129,235790,235790
1843,128,235919,235919
1844,127,236047,236047
1845,129,236174,236174
1846,127,236303,236303
1847,128,236430,236430
1848,130,236558,236558
1849,126,236688,236688
1850,128,236814,236814
1851,130,236942,236942
1852,127,237072,237072
1853,128,237199,237199
1854,130,237327,237327
1855,126,237457,237457
1856,128,237583,237583
1857,130,237711,237711
1858,126,237841,237841
1859,129,237967,237967
1860,129,238096,238096
1861,126,238225,238225
1862,129,238351,238351
1863,128,238480,238480
1864,128,238608,238608
1865,129,238736,238736
1866,127,238865,238865
1867,128,238992,238992
1868,130,239120,239120
1869,127,239250,239250
1870,127,239377,239377
1871,130,239504,239504
1872,126,239634,239634
1873,127,239760,239760
1874,130,239887,239887
1875,127,240017,240017
1876,127,240144,240144
1877,129,240271,240271
1878,127,240400,240400
1879,128,240527,240527
1880,129,240655,240655
1881,127,240784,240784
1882,128,240911,240911
1883,128,241039,241039
1884,127,241167,241167
1885,130,241294,241294
1886,127,241424,241424
1887,127,241551,241551
1888,130,241678,241678
1889,126,241808,241808
1890,127,241934,241934
1891,130,242061,242061
1892,127,242191,242191
1893,127,242318,242318
1894,130,242445,242445
1895,127,242575,242575
1896,128,242702,242702
1897,129,242830,242830
1898,127,242959,242959
1899,128,243086,243086
1900,128,243214,243214
1901,127,243342,243342
1902,129,243469,243469
1903,128,243598,243598
1904,127,243726,243726
1905,129,243853,243853
1906,127,243982,243982
1907,126,244109,244109
1908,131,244235,244235
1909,127,244366,244366
1910,126,244493,244493
1911,131,244619,244619
1912,127,244750,244750
1913,127,244877,244877
1914,130,245004,245004
1915,127,245134,245134
1916,127,245261,245261
1917,129,245388,245388
1918,127,245517,245517
1919,129,245644,245644
1920,128,245773,245773
1921,127,245901,245901
1922,129,246028,246028
1923,129,246157,246157
1924,126,246286,246286
1925,130,246412,246412
1926,128,246542,246542
1927,126,246670,246670
1928,130,246796,246796
1929,129,246926,246926
1930,126,247055,247055
1931,130,247181,247181
1932,128,247311,247311
1933,126,247439,247439
1934,129,247565,247565
1935,128,247694,247694
1936,128,247822,247822
1937,129,247950,247950
1938,127,248079,248079
1939,129,248206,248206
1940,129,248335,248335
1941,126,248464,248464
1942,130,248590,248590
1943,128,248720,248720
1944,126,248848,248848
1945,129,248974,248974
1946,129,249103,249103
1947,126,249232,249232
1948,130,249358,249358
1949,128,249488,249488
1950,126,249616,249616
1951,129,249742,249742
1952,129,249871,249871
1953,127,250000,250000
1954,129,250127,250127
1955,128,250256,250256
1956,128,250384,250384
1957,129,250512,250512
1958,127,250641,250641
1959,128,250768,250768
1960,129,250896,250896
1961,125,251025,251025
1962,129,251150,251150
1963,130,251279,251279
1964,125,251409,251409
1965,129,251534,251534
1966,129,251663,251663
1967,126,251792,251792
1968,129,251918,251918
1969,129,252047,252047
1970,126,252176,252176
1971,129,252302,252302
1972,128,252431,252431
1973,127,252559,252559
1974,129,252686,252686
1975,128,252815,252815
1976,127,252943,252943
1977,129,253070,253070
1978,126,253199,253199
1979,128,253325,253325
1980,130,253453,253453
1981,126,253583,253583
1982,128,253709,253709
1983,130,253837,253837
1984,126,253967,253967
1985,128,254093,254093
1986,130,254221,254221
1987,126,254351,254351
1988,128,254477,254477
1989,128,254605,254605
1990,127,254733,254733
1991,129,254860,254860
1992,128,254989,254989
1993,127,255117,255117
1994,129,255244,255244
1995,127,255373,255373
1996,128,255500,255500
1997,129,255628,255628
1998,127,255757,255757
1999,128,255884,255884
2000,130,256012,256012
2001,127,256142,256142
2002,128,256269,256269
2003,130,256397,256397
2004,126,256527,256527
2005,127,256653,256653
2006,130,256780,256780
2007,127,256910,256910
2008,128,257037,257037
2009,129,257165,257165
2010,127,257294,257294
2011,129,257421,257421
2012,128,257550,257550
2013,127,257678,257678
2014,130,257805,257805
2015,127,257935,257935
2016,127,258062,258062
2017,130,258189,258189
2018,127,258319,258319
2019,128,258446,258446
2020,130,258574,258574
2021,126,258704,258704
2022,127,258830,258830
2023,130,258957,258957
2024,127,259087,259087
2025,128,259214,259214
2026,130,259342,259342
2027,127,259472,259472
2028,128,259599,259599
2029,129,259727,259727
2030,127,259856,259856
2031,129,259983,259983
2032,128,260112,260112
2033,126,260240,260240
2034,130,260366,260366
2035,128,260496,260496
2036,127,260624,260624
2037,130,260751,260751
2038,127,260881,260881
2039,127,261008,261008
2040,130,261135,261135
2041,127,261265,261265
2042,127,261392,261392
2043,130,261519,261519
2044,127,261649,261649
2045,127,261776,261776
2046,130,261903,261903
2047,127,262033,262033
2048,127,262160,262160
2049,128,262287,262287
2050,127,262415,262415
2051,129,262542,262542
2052,128,262671,262671
2053,127,262799,262799
2054,129,262926,262926
2055,128,263055,263055
2056,126,263183,263183
2057,130,263309,263309
2058,128,263439,263439
2059,126,263567,263567
2060,130,263693,263693
2061,127,263823,263823
2062,127,263950,263950
2063,130,264077,264077
2064,127,264207,264207
2065,127,264334,264334
2066,129,264461,264461
2067,127,264590,264590
2068,128,264717,264717
2069,129,264845,264845
2070,127,264974,264974
2071,129,265101,265101
2072,128,265230,265230
2073,126,265358,265358
2074,130,265484,265484
2075,128,265614,265614
2076,126,265742,265742
2077,129,265868,265868
2078,128,265997,265997
2079,126,266125,266125
2080,130,266251,266251
2081,128,266381,266381
2082,126,266509,266509
2083,130,266635,266635
2084,127,266765,266765
2085,127,266892,266892
2086,130,267019,267019
2087,127,267149,267149
2088,128,267276,267276
2089,129,267404,267404
2090,127,267533,267533
2091,129,267660,267660
2092,128,267789,267789
2093,126,267917,267917
2094,129,268043,268043
2095,129,268172,268172
2096,126,268301,268301
2097,130,268427,268427
2098,129,268557,268557
2099,126,268686,268686
2100,129,268812,268812
2101,129,268941,268941
2102,127,269070,269070
2103,129,269197,269197
2104,128,269326,269326
2105,127,269454,269454
2106,129,269581,269581
2107,128,269710,269710
2108,128,269838,269838
2109,129,269966,269966
2110,126,270095,270095
2111,129,270221,270221
2112,129,270350,270350
2113,126,270479,270479
2114,130,270605,270605
2115,129,270735,270735
2116,126,270864,270864
2117,129,270990,270990
2118,129,271119,271119
2119,126,271248,271248
2120,129,271374,271374
2121,128,271503,271503
2122,127,271631,271631
2123,129,271758,271758
2124,128,271887,271887
2125,128,272015,272015
2126,129,272143,272143
2127,127,272272,272272
2128,128,272399,272399
2129,129,272527,272527
2130,127,272656,272656
2131,128,272783,272783
2132,130,272911,272911
2133,125,273041,273041
2134,129,273166,273166
2135,130,273295,273295
2136,125,273425,273425
2137,128,273550,273550
2138,129,273678,273678
2139,126,273807,273807
2140,129,273933,273933
2141,129,274062,274062
2142,127,274191,274191
2143,129,274318,274318
2144,127,274447,274447
2145,128,274574,274574
2146,129,274702,274702
2147,127,274831,274831
2148,127,274958,274958
2149,130,275085,275085
2150,126,275215,275215
2151,128,275341,275341
2152,130,275469,275469
2153,126,275599,275599
2154,127,275725,275725
2155,130,275852,275852
2156,126,275982,275982
2157,128,276108,276108
2158,130,276236,276236
2159,127,276366,276366
2160,128,276493,276493
2161,128,276621,276621
2162,127,276749,276749
2163,129,276876,276876
2164,127,277005,277005
2165,127,277132,277132
2166,130,277259,277259
2167,126,277389,277389
2168,128,277515,277515
2169,130,277643,277643
2170,127,277773,277773
2171,127,277900,277900
2172,130,278027,278027
2173,127,278157,278157
2174,128,278284,278284
2175,130,278412,278412
2176,127,278542,278542
2177,127,278669,278669
2178,130,278796,278796
2179,127,278926,278926
2180,128,279053,279053
2181,128,279181,279181
2182,127,279309,279309
2183,129,279436,279436
2184,128,279565,279565
2185,127,279693,279693
2186,131,279820,279820
2187,127,279951,279951
2188,126,280078,280078
2189,131,280204,280204
2190,127,280335,280335
2191,127,280462,280462
2192,130,280589,280589
2193,127,280719,280719
2194,127,280846,280846
2195,130,280973,280973
2196,127,281103,281103
2197,128,281230,281230
2198,129,281358,281358
2199,127,281487,281487
2200,128,281614,281614
2201,129,281742,281742
2202,127,281871,281871
2203,130,281998,281998
2204,128,282128,282128
2205,126,282256,282256
2206,130,282382,282382
2207,128,282512,282512
2208,126,282640,282640
2209,130,282766,282766
2210,128,282896,282896
2211,126,283024,283024
2212,130,283150,283150
2213,128,283280,283280
2214,128,283408,283408
2215,129,283536,283536
2216,127,283665,283665
2217,128,283792,283792
2218,129,283920,283920
2219,127,284049,284049
2220,128,284176,284176
2221,128,284304,284304
2222,127,284432,284432
2223,129,284559,284559
2224,128,284688,284688
2225,126,284816,284816
2226,129,284942,284942
2227,128,285071,285071
2228,126,285199,285199
2229,130,285325,285325
2230,129,285455,285455
2231,126,285584,285584
2232,129,285710,285710
2233,128,285839,285839
2234,127,285967,285967
2235,129,286094,286094
2236,127,286223,286223
2237,128,286350,286350
2238,129,286478,286478
2239,126,286607,286607
2240,129,286733,286733
2241,129,286862,286862
2242,126,286991,286991
2243,129,287117,287117
2244,128,287246,287246
2245,126,287374,287374
2246,130,287500,287500
2247,129,287630,287630
2248,126,287759,287759
2249,129,287885,287885
2250,128,288014,288014
2251,126,288142,288142
2252,129,288268,288268
2253,128,288397,288397
2254,127,288525,288525
2255,129,288652,288652
2256,127,288781,288781
2257,128,288908,288908
2258,130,289036,289036
2259,126,289166,289166
2260,128,289292,289292
2261,130,289420,289420
2262,126,289550,289550
2263,129,289676,289676
2264,129,289805,289805
2265,126,289934,289934
2266,129,290060,290060
2267,129,290189,290189
2268,126,290318,290318
2269,129,290444,290444
2270,129,290573,290573
2271,126,290702,290702
2272,129,290828,290828
2273,129,290957,290957
2274,128,291086,291086
2275,129,291214,291214
2276,127,291343,291343
2277,128,291470,291470
2278,129,291598,291598
2279,127,291727,291727
2280,128,291854,291854
2281,130,291982,291982
2282,126,292112,292112
2283,128,292238,292238
2284,130,292366,292366
2285,126,292496,292496
2286,129,292622,292622
2287,129,292751,292751
2288,126,292880,292880
2289,129,293006,293006
2290,129,293135,293135
2291,127,293264,293264
2292,129,293391,293391
2293,128,293520,293520
2294,127,293648,293648
2295,129,293775,293775
2296,127,293904,293904
2297,128,294031,294031
2298,130,294159,294159
2299,126,294289,294289
2300,128,294415,294415
2301,130,294543,294543
2302,127,294673,294673
2303,127,294800,294800
2304,130,294927,294927
2305,126,295057,295057
2306,128,295183,295183
2307,130,295311,295311
2308,126,295441,295441
2309,128,295567,295567
2310,129,295695,295695
2311,126,295824,295824
2312,129,295950,295950
2313,128,296079,296079
2314,127,296207,296207
2315,129,296334,296334
2316,127,296463,296463
2317,128,296590,296590
2318,130,296718,296718
2319,127,296848,296848
2320,127,296975,296975
2321,130,297102,297102
2322,126,297232,297232
2323,127,297358,297358
2324,130,297485,297485
2325,127,297615,297615
2326,127,297742,297742
2327,129,297869,297869
2328,127,297998,297998
2329,128,298125,298125
2330,129,298253,298253
2331,127,298382,298382
2332,128,298509,298509
2333,128,298637,298637
2334,127,298765,298765
2335,130,298892,298892
2336,127,299022,299022
2337,127,299149,299149
2338,130,299276,299276
2339,126,299406,299406
2340,127,299532,299532
2341,130,299659,299659
2342,127,299789,299789
2343,127,299916,299916
2344,130,300043,300043
2345,127,300173,300173
2346,128,300300,300300
2347,129,300428,300428
2348,127,300557,300557
2349,128,300684,300684
2350,129,300812,300812
2351,127,300941,300941
2352,129,301068,301068
2353,128,301197,301197
2354,127,301325,301325
2355,129,301452,301452
2356,128,301581,301581
2357,126,301709,301709
2358,131,301835,301835
2359,127,301966,301966
2360,126,302093,302093
2361,131,302219,302219
2362,128,302350,302350
2363,127,302478,302478
2364,130,302605,302605
2365,127,302735,302735
2366,127,302862,302862
2367,129,302989,302989
2368,127,303118,303118
2369,129,303245,303245
2370,128,303374,303374
2371,127,303502,303502
2372,129,303629,303629
2373,129,303758,303758
2374,126,303887,303887
2375,130,304013,304013
2376,128,304143,304143
2377,126,304271,304271
2378,130,304397,304397
2379,129,304527,304527
2380,126,304656,304656
2381,130,304782,304782
2382,128,304912,304912
2383,126,305040,305040
2384,129,305166,305166
2385,128,305295,305295
2386,128,305423,305423
2387,129,305551,305551
2388,127,305680,305680
2389,129,305807,305807
2390,129,305936,305936
2391,126,306065,306065
2392,129,306191,306191
2393,128,306320,306320
2394,126,306448,306448
2395,129,306574,306574
2396,129,306703,306703
2397,126,306832,306832
2398,129,306958,306958
2399,128,307087,307087
2400,126,307215,307215
2401,129,307341,307341
2402,129,307470,307470
2403,126,307599,307599
2404,129,307725,307725
2405,128,307854,307854
2406,128,307982,307982
2407,129,308110,308110
2408,127,308239,308239
2409,128,308366,308366
2410,129,308494,308494
2411,125,308623,308623
2412,129,308748,308748
2413,130,308877,308877
2414,125,309007,309007
2415,129,309132,309132
2416,129,309261,309261
2417,126,309390,309390
2418,129,309516,309516
2419,129,309645,309645
2420,126,309774,309774
2421,129,309900,309900
2422,128,310029,310029
2423,127,310157,310157
2424,129,310284,310284
2425,128,310413,310413
2426,127,310541,310541
2427,129,310668,310668
2428,126,310797,310797
2429,128,310923,310923
2430,130,311051,311051
2431,126,311181,311181
2432,128,311307,311307
2433,131,311435,311435
2434,126,311566,311566
2435,128,311692,311692
2436,130,311820,311820
2437,126,311950,311950
2438,128,312076,312076
2439,129,312204,312204
2440,127,312333,312333
2441,129,312460,312460
2442,128,312589,312589
2443,127,312717,312717
2444,129,312844,312844
2445,128,312973,312973
2446,128,313101,313101
2447,129,313229,313229
2448,127,313358,313358
2449,128,313485,313485
2450,130,313613,313613
2451,127,313743,313743
2452,128,313870,313870
2453,130,313998,313998
2454,126,314128,314128
2455,127,314254,314254
2456,130,314381,314381
2457,127,314511,314511
2458,128,314638,314638
2459,129,314766,314766
2460,127,314895,314895
2461,129,315022,315022
2462,128,315151,315151
2463,127,315279,315279
2464,130,315406,315406
2465,127,315536,315536
2466,127,315663,315663
2467,130,315790,315790
2468,127,315920,315920
2469,128,316047,316047
2470,130,316175,316175
2471,126,316305,316305
2472,127,316431,316431
2473,130,316558,316558
2474,127,316688,316688
2475,128,316815,316815
2476,130,316943,316943
2477,127,317073,317073
2478,128,317200,317200
2479,129,317328,317328
2480,127,317457,317457
2481,128,317584,317584
2482,128,317712,317712
2483,126,317840,317840
2484,130,317966,317966
2485,128,318096,318096
2486,126,318224,318224
2487,130,318350,318350
2488,127,318480,318480
2489,127,318607,318607
2490,130,318734,318734
2491,127,318864,318864
2492,127,318991,318991
2493,130,319118,319118
2494,127,319248,319248
2495,127,319375,319375
2496,130,319502,319502
2497,127,319632,319632
2498,127,319759,319759
2499,128,319886,319886
2500,127,320014,320014
2501,129,320141,320141
2502,128,320270,320270
2503,127,320398,320398
2504,129,320525,320525
2505,128,320654,320654
2506,126,320782,320782
2507,130,320908,320908
2508,128,321038,321038
2509,126,321166,321166
2510,130,321292,321292
2511,127,321422,321422
2512,127,321549,321549
2513,130,321676,321676
2514,127,321806,321806
2515,127,321933,321933
2516,129,322060,322060
2517,127,322189,322189
2518,128,322316,322316
2519,129,322444,322444
2520,127,322573,322573
2521,129,322700,322700
2522,129,322829,322829
2523,126,322958,322958
2524,130,323084,323084
2525,128,323214,323214
2526,126,323342,323342
2527,129,323468,323468
2528,129,323597,323597
2529,126,323726,323726
2530,130,323852,323852
2531,128,323982,323982
2532,126,324110,324110
2533,130,324236,324236
2534,128,324366,324366
2535,127,324494,324494
2536,130,324621,324621
2537,127,324751,324751
2538,128,324878,324878
2539,129,325006,325006
2540,127,325135,325135
2541,129,325262,325262
2542,128,325391,325391
2543,126,325519,325519
2544,129,325645,325645
2545,129,325774,325774
2546,126,325903,325903
2547,130,326029,326029
2548,129,326159,326159
2549,126,326288,326288
2550,129,326414,326414
2551,129,326543,326543
2552,127,326672,326672
2553,129,326799,326799
2554,128,326928,326928
2555,127,327056,327056
2556,129,327183,327183
2557,128,327312,327312
2558,128,327440,327440
2559,129,327568,327568
2560,126,327697,327697
2561,129,327823,327823
2562,129,327952,327952
2563,126,328081,328081
2564,129,328207,328207
2565,129,328336,328336
2566,126,328465,328465
2567,129,328591,328591
2568,129,328720,328720
2569,126,328849,328849
2570,128,328975,328975
2571,128,329103,329103
2572,127,329231,329231
2573,129,329358,329358
2574,128,329487,329487
2575,127,329615,329615
2576,129,329742,329742
2577,127,329871,329871
2578,128,329998,329998
2579,129,330126,330126
2580,127,330255,330255
2581,128,330382,330382
2582,130,330510,330510
2583,125,330640,330640
2584,129,330765,330765
2585,130,330894,330894
2586,125,331024,331024
2587,128,331149,331149
2588,129,331277,331277
2589,126,331406,331406
2590,129,331532,331532
2591,129,331661,331661
2592,127,331790,331790
2593,129,331917,331917
2594,127,332046,332046
2595,128,332173,332173
2596,129,332301,332301
2597,127,332430,332430
2598,127,332557,332557
2599,130,332684,332684
2600,126,332814,332814
2601,128,332940,332940
2602,130,333068,333068
2603,126,333198,333198
2604,127,333324,333324
2605,130,333451,333451
2606,126,333581,333581
2607,128,333707,333707
2608,130,333835,333835
2609,127,333965,333965
2610,128,334092,334092
2611,129,334220,334220
2612,127,334349,334349
2613,129,334476,334476
2614,127,334605,334605
2615,127,334732,334732
2616,130,334859,334859
2617,127,334989,334989
2618,128,335116,335116
2619,130,335244,335244
2620,127,335374,335374
2621,127,335501,335501
2622,130,335628,335628
2623,127,335758,335758
2624,128,335885,335885
2625,130,336013,336013
2626,127,336143,336143
2627,127,336270,336270
2628,130,336397,336397
2629,127,336527,336527
2630,128,336654,336654
2631,128,336782,336782
2632,127,336910,336910
2633,129,337037,337037
2634,128,337166,337166
2635,127,337294,337294
2636,131,337421,337421
2637,127,337552,337552
2638,126,337679,337679
2639,131,337805,337805
2640,127,337936,337936
2641,127,338063,338063
2642,130,338190,338190
2643,127,338320,338320
2644,127,338447,338447
2645,130,338574,338574
2646,127,338704,338704
2647,128,338831,338831
2648,129,338959,338959
2649,127,339088,339088
2650,128,339215,339215
2651,129,339343,339343
2652,127,339472,339472
2653,129,339599,339599
2654,128,339728,339728
2655,126,339856,339856
2656,130,339982,339982
2657,128,340112,340112
2658,125,340240,340240
2659,130,340365,340365
2660,128,340495,340495
2661,126,340623,340623
2662,130,340749,340749
2663,128,340879,340879
2664,127,341007,341007
2665,129,341134,341134
2666,127,341263,341263
2667,128,341390,341390
2668,129,341518,341518
2669,127,341647,341647
2670,128,341774,341774
2671,128,341902,341902
2672,127,342030,342030
2673,129,342157,342157
2674,128,342286,342286
2675,126,342414,342414
2676,129,342540,342540
2677,128,342669,342669
2678,126,342797,342797
2679,130,342923,342923
2680,129,343053,343053
2681,126,343182,343182
2682,129,343308,343308
2683,128,343437,343437
2684,127,343565,343565
2685,129,343692,343692
2686,127,343821,343821
2687,128,343948,343948
2688,129,344076,344076
2689,126,344205,344205
2690,129,344331,344331
2691,129,344460,344460
2692,126,344589,344589
2693,129,344715,344715
2694,129,344844,344844
2695,126,344973,344973
2696,130,345099,345099
2697,115,345229,345229
